{"cameraMode":{"drawMode":0,"name":"Shaded","section":"Shading Mode"},"sceneLighting":false,"audioPlay":false,"sceneViewState":{"m_AlwaysRefresh":false,"showFog":true,"showSkybox":false,"showFlares":true,"showImageEffects":true,"showParticleSystems":true,"showVisualEffectGraphs":true,"m_FxEnabled":true},"in2DMode":false,"pivot":{"x":16.950639724731447,"y":1.3624372482299805,"z":19.413637161254884},"rotation":{"x":0.33245915174484255,"y":-0.6316998600959778,"z":0.3419680595397949,"w":0.6122197508811951},"size":25.818008422851564,"orthographic":false}